,Price
0,$34.99
1,$24.99
2,$169.99
3,$149.99
4,$149.99
5,$34.99
6,$19.99
7,$64.99
8,$39.99
9,$69.99
10,$24.99
11,$64.99
12,$24.99
13,$28.99
14,$55.99
15,$59.99
16,$64.99
17,$28.99
18,$89.99
19,$28.99
20,$64.99
21,$35.99
22,$19.99
23,$19.99
24,$19.99
25,$13.99
26,$64.99
27,$9.99
28,$59.99
29,$35.99
30,$28.99
31,$84.99
32,$64.99
33,$39.99
34,$59.99
35,$28.99
36,$14.99
37,$49.99
38,$28.99
39,$16.99
40,$16.99
41,$16.99
42,$59.99
43,$35.99
44,$59.99
45,$28.99
46,$9.99
47,$9.99
